Open time,Open,High,Low,Close,Volume,Close time,Quote asset volume,Number of trades,Taker buy base,Taker buy quote,Ignore,clust
20170817,4261.48,4485.39,4200.74,4285.08,795.150377,1503014399999,3454770.05073206,3427,616.248541,2678216.40060401,0,2
20170823,4040.0,4265.8,4013.89,4114.01,1001.136565,1503532799999,4148686.46581968,8629,309.419092,1293567.09519463,0,1
20170830,4564.52,4647.51,4416.01,4555.14,808.468771,1504137599999,3683714.68666123,5551,196.062252,894620.23750883,0,1
20170902,4796.16,4939.19,4286.87,4472.14,929.148595,1504396799999,4257723.944817,7475,379.199863,1738334.08541735,0,1
20170903,4508.5,4714.76,4298.33,4509.08,691.216198,1504483199999,3121052.75230181,6022,258.934536,1169644.69159694,0,1
20170905,4106.97,4484.99,3603.0,4366.47,1228.938157,1504655999999,5083453.18675071,10084,533.476065,2214297.83961246,0,2
20170910,4258.81,4283.0,3801.0,4130.37,660.373275,1505087999999,2700371.80819211,3435,291.786887,1193884.03650449,0,1
20170912,4208.6,4394.59,4040.8,4163.72,879.630319,1505260799999,3725190.62328952,6501,451.78067,1911015.26637066,0,2
20170916,3674.01,3950.0,3470.66,3714.95,1297.563953,1505606399999,4804878.24721283,8809,624.887842,2314536.03271908,0,1
20170918,3690.0,4123.2,3690.0,4035.01,1030.006455,1505779199999,4069033.05715863,8220,417.638722,1651863.37125876,0,2
20170919,4060.0,4089.97,3830.91,3910.04,902.332129,1505865599999,3558315.19743872,7342,257.320352,1016803.88177532,0,1
20170926,3928.0,3976.99,3850.05,3882.35,526.727987,1506470399999,2061195.57868009,7971,225.570283,883925.0185633,0,2
20170928,4192.11,4300.0,4101.0,4174.5,849.785325,1506643199999,3553178.87037354,11426,364.517452,1525467.35780567,0,2
20170930,4175.0,4380.0,4138.1,4378.51,720.353183,1506815999999,3088354.40084536,9324,292.966693,1258540.22252994,0,1
20171002,4400.0,4561.63,4360.0,4380.0,655.756974,1506988799999,2905282.77570845,8185,289.541406,1286786.89051625,0,1
20171003,4380.0,4467.33,4180.8,4310.0,1082.323563,1507075199999,4627422.74283879,12379,492.735181,2107462.11039911,0,1
20171004,4314.9,4373.0,4142.0,4208.59,868.465101,1507161599999,3676415.10054891,11006,292.928777,1237552.36930596,0,1
20171005,4208.59,4355.0,4110.0,4292.43,779.138638,1507247999999,3295532.82397779,9158,351.042019,1483036.83360606,0,2
20171010,4786.95,4960.0,4680.59,4783.06,1043.221773,1507679999999,5044283.86347582,11967,678.832674,3289613.76073974,0,1
20171011,4783.06,4881.61,4710.0,4821.43,753.429396,1507766399999,3609240.90903919,5895,540.087975,2586977.71897445,0,1
20171017,5760.0,5774.98,5508.63,5595.0,1429.869376,1508284799999,8041662.31881055,9755,688.766779,3874630.11789208,0,1
20171018,5595.0,5596.0,5037.95,5512.06,2317.804373,1508371199999,12456909.97604373,14824,1039.622475,5582555.96464678,0,2
20171025,5506.92,5704.96,5286.98,5689.99,2282.813205,1508975999999,12544847.89154201,12026,1102.091326,6072831.20164732,0,2
20171026,5670.1,5939.99,5650.0,5861.77,1972.965882,1509062399999,11417126.63602561,11429,779.739997,4524676.60186949,0,1
20171027,5861.77,5980.0,5649.24,5768.83,1403.706416,1509148799999,8167069.73635031,8305,624.087409,3639525.74476665,0,1
20171028,5768.79,5850.02,5630.03,5719.64,1276.754412,1509235199999,7308076.01911184,8556,522.437128,2992463.28829385,0,2
20171029,5709.98,6189.88,5648.01,6169.98,1804.778173,1509321599999,10620967.62459168,10651,954.170196,5607341.71306722,0,2
20171030,6133.01,6248.68,6030.0,6120.5,1473.687043,1509407999999,9030219.28673499,9027,568.13297,3484470.96871416,0,1
20171031,6120.52,6498.01,6100.0,6463.0,1511.774925,1509494399999,9487640.8400991,12503,666.763568,4189144.86604943,0,1
20171101,6463.0,6774.67,6338.02,6753.98,1675.615188,1509580799999,10951171.07254041,16775,681.762424,4456444.95893702,0,1
20171102,6753.98,7300.0,6685.1,7019.98,2503.610803,1509667199999,17369001.33091877,20222,1152.043042,8002005.80575711,0,1
20171103,7010.31,7346.34,6923.0,7115.04,1891.497592,1509753599999,13614451.74654126,15375,790.186344,5689002.21482195,0,1
20171106,7345.1,7401.0,6906.0,6960.12,1763.019261,1510012799999,12673524.6216398,13525,730.003787,5258426.96569148,0,1
20171107,6981.72,7198.49,6901.0,7064.04,1440.259494,1510099199999,10173272.33780804,13132,591.187992,4181187.39303234,0,1
20171112,6245.05,6630.0,5325.01,5811.03,4968.483069,1510531199999,29711508.60084671,31069,2267.410744,13607604.41635319,0,2
20171115,6575.99,7298.0,6575.99,7240.06,1779.605845,1510790399999,12446186.45092821,10313,958.59199,6705958.0325874,0,2
20171116,7240.14,7940.0,7076.0,7864.5,2331.95675,1510876799999,17499577.25815967,14961,1196.410717,8973214.5702364,0,2
20171117,7876.98,7989.0,7451.0,7699.19,3982.395925,1510963199999,31024092.61951179,22012,1910.208237,14893068.96849563,0,1
20171119,7761.94,8123.15,7650.33,8038.0,3867.340444,1511135999999,30322635.7689457,14897,2097.613346,16448877.84771707,0,2
20171121,8212.49,8400.0,7801.0,8119.51,4544.474016,1511308799999,37074997.58090905,20798,2222.291215,18131894.11366924,0,1
20171123,8233.03,8260.0,8000.0,8019.99,4093.952687,1511481599999,33400702.99957629,16625,2163.755131,17665030.24869222,0,2
20171124,8019.97,8369.0,7850.0,8138.0,4411.789112,1511567999999,35840264.45804051,19754,2166.425275,17613353.73937526,0,2
20171128,9650.0,9939.0,9570.5,9896.8,4917.210985,1511913599999,48235644.0576554,18923,2431.138502,23851135.77284698,0,2
20171129,9896.79,11300.03,8520.0,9687.88,13352.538715,1511999999999,135976167.45757934,47894,8662.632362,88423971.28943045,0,1
20171130,9687.88,10900.0,8850.8,9838.96,9389.574329,1512086399999,91430904.34116387,41153,5360.660242,52384338.03597776,0,1
20171202,10775.04,11190.0,10620.0,10890.01,4765.439757,1512259199999,52046689.84006951,29694,2390.194275,26111051.97904352,0,1
20171205,11571.03,11853.0,11447.68,11699.99,5550.732055,1512518399999,64721253.04527842,31317,3135.630565,36570499.65542363,0,2
20171209,15880.01,16269.3,12535.0,14656.07,13918.758687,1512863999999,205372672.98786432,66738,7988.323023,118308773.57971704,0,1
20171210,14664.01,15720.12,12368.0,14899.98,16553.037173,1512950399999,233767963.46201488,80669,8736.869344,123176894.48606697,0,1
20171212,16587.97,16976.45,15875.0,16349.99,9436.802411,1513123199999,155716213.09834388,76032,4395.051525,72561808.35535774,0,1
20171216,17516.81,19539.0,17190.01,19102.66,4202.628709,1513468799999,76293721.36508314,51777,2308.847163,41958921.17812987,0,1
20171218,18860.04,19300.0,17029.98,18856.25,10624.633071,1513641599999,196339245.745198,91956,4690.302146,86666689.06405357,0,1
20171219,18856.25,18950.0,16300.0,17295.2,13210.74822,1513727999999,232790625.92336664,116569,5740.506184,101134115.9201646,0,1
20171220,17295.2,17720.35,14777.66,16488.98,13450.496693,1513814399999,221193892.50223887,129762,5732.664035,94404363.82531904,0,1
20171221,16480.52,17309.5,14022.0,15492.64,20324.2173,1513900799999,320176825.29037607,117731,11672.760789,184537677.7923892,0,1
20171222,15514.03,15699.34,10961.0,13326.61,36076.271175,1513987199999,477509934.71828645,243261,17556.682449,233435309.648319,0,2
20171223,13326.61,14950.0,12978.18,13300.0,13141.538875,1514073599999,184759685.33206663,135005,6547.667326,92098774.4608775,0,1
20171224,13300.0,13819.99,11640.0,13500.0,28557.534988,1514159999999,365709589.60302895,173557,15365.113545,196993097.07332075,0,1
20171227,15709.98,16498.05,14200.15,15459.99,14959.864723,1514419199999,231229932.48204055,142202,7843.419761,121346099.97221792,0,1
20180102,13382.16,15473.49,12890.02,14675.11,20078.092111,1514937599999,279717107.4337192,177728,11346.326739,158080088.68331683,0,1
20180107,17069.79,17099.96,15610.0,16150.03,12493.125558,1515369599999,206194706.37068355,120269,6779.320508,112151163.1274352,0,1
20180116,13500.0,13542.93,9035.0,10900.0,63401.169175,1516147199999,722150828.1494024,418243,30353.401717,346777069.9337464,0,2
20180119,10960.0,11795.0,10360.0,11474.98,34129.375421,1516406399999,382773499.2265792,273271,16871.416355,189259676.8922224,0,2
20180121,12799.8,12799.8,10965.0,11530.0,41379.773426,1516579199999,485289230.8188924,360207,20574.760061,241154449.98183495,0,2
20180123,10760.05,11399.0,9905.0,10799.18,37473.922552,1516751999999,399419413.2329807,355286,18747.793828,199899519.2732997,0,2
20180124,10799.14,11570.48,10500.0,11349.99,27158.587762,1516838399999,299470607.4302002,293429,13087.393088,144335221.62540215,0,1
20180206,6939.63,7878.0,6000.01,7652.14,100201.500307,1517961599999,684364276.3666689,785996,49565.020794,339117633.4088549,0,2
20180208,7599.0,7844.0,7572.09,7784.02,1521.537318,1518049694788,11770168.04386595,12417,844.258813,6532638.63751892,0,2
20180213,8903.0,8950.0,8351.0,8539.9,35454.972956,1518566399999,305165143.6969234,401893,16558.45568,142530987.43930227,0,2
20180222,10439.02,10933.44,9679.0,9811.04,67060.166483,1519343999999,682006373.869588,506273,33029.297624,336067441.6325065,0,2
20180227,10321.0,10870.0,10121.0,10569.04,30705.385123,1519775999999,324295371.1414657,240542,15187.083738,160450471.4557678,0,1
20180302,10923.36,11200.0,10770.0,11039.0,23910.71009,1520035199999,262936307.0078576,211691,11893.333632,130864918.8230748,0,1
20180304,11464.47,11565.0,11050.02,11515.0,17295.918653,1520207999999,194849579.12502077,168359,8197.401595,92437014.46393472,0,2
20180306,11455.0,11455.0,10555.48,10716.48,29515.572363,1520380799999,323842216.64859617,250306,13482.297196,147874120.62232068,0,1
20180309,9267.07,9410.0,8329.0,9227.0,64112.291407,1520639999999,567082901.1319405,462712,31166.414848,275735446.01075995,0,2
20180310,9230.0,9490.0,8667.07,8770.22,37180.012857,1520726399999,341210248.41481787,288066,17639.827276,161991786.13432977,0,2
20180311,8770.22,9740.0,8450.0,9533.57,44325.973386,1520812799999,403491260.9275316,333367,21150.206944,192897625.6114657,0,2
20180318,7824.01,8317.4,7322.0,8189.99,59488.231711,1521417599999,458311733.5188204,423336,28216.510794,217530802.6198248,0,1
20180325,8531.25,8669.85,8365.77,8470.15,29001.769316,1522022399999,247023172.30795503,215660,14379.264362,122528263.982816,0,1
20180327,8134.22,8215.94,7730.0,7795.51,37427.64805,1522195199999,297609656.4404365,266540,18462.382105,146860645.0354061,0,1
20180329,7949.3,7975.0,6941.11,7090.14,54620.915125,1522367999999,405591158.6323181,359537,24584.811548,182402558.21113956,0,2
20180401,6922.0,7049.98,6430.0,6813.01,44071.430463,1522627199999,297470498.81956285,260942,21899.30066,147951173.82212943,0,1
20180402,6813.01,7125.0,6765.0,7056.0,32123.560072,1522713599999,224322159.41331607,206780,16365.683591,114292405.85810466,0,1
20180403,7063.97,7520.0,7011.01,7405.21,37787.331811,1522799999999,277080072.7617128,248143,19218.850485,140892233.113676,0,2
20180405,6796.1,6902.0,6566.69,6770.76,39029.73146,1522972799999,263446941.1321242,238476,18991.102712,128270766.86646058,0,1
20180406,6770.0,6850.0,6500.0,6601.39,27455.01192,1523059199999,182139799.80865908,162456,13778.063462,91424043.79892384,0,1
20180407,6601.39,7070.0,6586.28,6895.8,32269.578267,1523145599999,222323863.54144785,178577,16460.736226,113334533.85269152,0,1
20180408,6895.81,7109.13,6880.0,7018.0,21427.673165,1523231999999,149967346.66269,152461,11211.615946,78468498.47255658,0,1
20180409,7011.04,7185.0,6611.0,6782.72,34078.297206,1523318399999,234309953.7503344,212669,17046.428596,117289580.04655164,0,1
20180410,6781.55,6890.0,6656.0,6843.9,22326.728095,1523404799999,151417844.2663968,147755,11456.447936,77704393.55925176,0,2
20180411,6839.56,6990.0,6787.0,6953.79,23997.871177,1523491199999,165264003.41270605,155607,12530.65891,86309556.51736282,0,2
20180412,6953.78,8012.23,6743.2,7923.0,64861.595987,1523577599999,485176252.48933566,404588,33198.867785,248243486.4673706,0,2
20180413,7922.99,8233.39,7732.0,7877.41,55044.523148,1523663999999,439884522.7119489,351905,27485.083044,219615109.06229925,0,1
20180414,7877.48,8186.0,7810.0,7999.01,31621.286357,1523750399999,252868761.32061628,194500,16283.466045,130249061.31563611,0,1
20180415,8004.0,8429.54,7999.02,8355.0,27946.720444,1523836799999,230287099.58430216,181778,14619.464101,120469031.17164706,0,1
20180416,8355.07,8419.0,7867.0,8064.92,36664.069715,1523923199999,295817536.4749528,226748,17912.938455,144490340.31244087,0,1
20180417,8064.92,8173.7,7825.4,7885.02,32152.603567,1524009599999,258221765.57371348,221228,15662.79502,125845498.64315924,0,1
20180418,7890.96,8236.43,7868.0,8173.0,26969.04457,1524095999999,217649160.11017892,183472,14559.152289,117565317.94569089,0,1
20180419,8173.99,8296.0,8080.0,8278.0,27113.847464,1524182399999,222675105.7884542,196821,13747.595928,112939221.70278835,0,2
20180420,8273.84,8930.0,8177.09,8856.98,39795.337485,1524268799999,337288580.42571294,289687,21087.903673,178802594.3551453,0,1
20180421,8852.12,9035.0,8565.0,8915.31,40872.229909,1524355199999,358915978.10403395,295374,21145.842391,185753264.88447425,0,2
20180422,8915.31,9020.67,8727.68,8787.02,29458.25348,1524441599999,261804372.9093471,229871,14937.899116,132830238.35538778,0,2
20180423,8785.7,8985.0,8745.0,8934.01,25838.114709,1524527999999,229754640.59668773,190944,13246.605059,117823053.82786416,0,2
20180424,8934.0,9731.01,8922.0,9619.99,46268.790106,1524614399999,431210048.0625035,326608,24784.71044,231061865.29310417,0,1
20180426,8869.99,9307.48,8651.62,9266.0,43300.304245,1524787199999,385046648.1378661,285850,22640.669137,201458888.2401515,0,1
20180427,9267.03,9395.0,8889.0,8915.35,37241.347036,1524873599999,342805674.55176014,268471,18517.604275,170503662.7235787,0,2
20180428,8915.35,9427.48,8870.0,9348.0,34759.62842,1524959999999,321653866.2001887,257288,18251.631451,169069669.9073968,0,1
20180429,9348.0,9570.51,9163.74,9419.0,38149.850035,1525046399999,357004895.9636862,311494,19364.945182,181366653.81958613,0,1
20180430,9417.04,9458.64,9124.99,9246.01,35002.033875,1525132799999,325019389.2499412,285951,17461.189029,162179073.43816054,0,2
20180501,9246.01,9248.99,8800.49,9071.48,41018.463633,1525219199999,368688349.6216845,268741,20050.167844,180200005.01267996,0,1
20180502,9071.48,9268.0,8970.2,9247.84,26123.543961,1525305599999,238421833.7581133,188258,13960.455528,127439644.78329857,0,2
20180503,9247.81,9844.0,9168.4,9750.0,38768.388288,1525391999999,366028365.2271445,282581,21093.140343,199234352.40239447,0,1
20180504,9750.0,9830.04,9520.85,9713.99,28681.588879,1525478399999,277565997.63316435,210165,14779.499554,143070410.02237806,0,1
20180505,9714.0,10020.0,9682.0,9864.0,24990.018345,1525564799999,246807563.50646487,212076,13011.844293,128527642.99648473,0,2
20180506,9863.99,9970.0,9417.03,9659.01,27690.351559,1525651199999,267359420.30359015,229309,13297.506959,128427770.52523224,0,1
20180507,9661.02,9689.67,9181.0,9365.0,33787.640012,1525737599999,316015961.44182944,230754,15818.0488,147985335.4458844,0,1
20180508,9365.0,9475.7,9060.54,9187.56,25533.831889,1525823999999,236418155.68693513,189159,13086.547467,121220083.42296956,0,1
20180509,9178.0,9390.0,8965.0,9310.0,25673.524899,1525910399999,235736782.28825977,192337,13597.268159,124869560.73820227,0,1
20180510,9310.0,9395.12,8970.0,9002.2,25055.063718,1525996799999,231595002.59561664,221075,12548.13816,116002381.57104652,0,2
20180512,8405.94,8646.88,8153.0,8465.94,40241.32081,1526169599999,337899865.8601308,310305,19545.974195,164142437.41951767,0,2
20180513,8475.44,8763.36,8298.0,8679.71,25632.869362,1526255999999,219455683.08035553,215590,12797.047912,109577063.5715992,0,1
20180514,8679.71,8879.99,8277.0,8663.34,37389.666533,1526342399999,320583612.23009104,292731,18408.055641,157869523.76782727,0,1
20180515,8663.37,8859.99,8401.3,8462.0,28126.956136,1526428799999,242341031.0616692,360379,13977.497647,120464422.6243128,0,2
20180516,8462.0,8488.0,8083.01,8330.0,31130.718908,1526515199999,257056552.43007565,300842,15627.101368,129113378.7751384,0,1
20180517,8330.0,8464.0,7979.0,8041.46,25439.844799,1526601599999,209489039.34104192,310780,12489.264499,103022237.77329308,0,2
20180518,8038.82,8273.21,7911.9,8239.81,23476.158251,1526687999999,189870380.85778692,183913,12352.9627,99971085.72894707,0,1
20180520,8233.49,8609.0,8163.9,8526.98,19957.057109,1526860799999,167440553.7493928,161265,10632.450955,89177519.97189689,0,2
20180522,8386.89,8400.18,7935.11,7977.11,23710.902858,1527033599999,194335432.4375409,192154,11801.527076,96803604.56147256,0,1
20180525,7578.99,7649.55,7308.15,7457.0,26739.95664,1527292799999,199749585.9695036,239025,13830.870235,103360633.04654914,0,2
20180527,7334.0,7400.0,7231.11,7338.99,18706.945515,1527465599999,136710618.49801704,198341,10258.276953,74990830.63101184,0,2
20180529,7099.0,7540.0,7032.95,7461.29,39407.21183,1527638399999,288070643.9128678,237359,21855.93031,159656478.14262193,0,1
20180601,7485.01,7608.55,7355.54,7521.01,28259.124078,1527897599999,211458512.1230823,303069,15701.205431,117516855.67846663,0,1
20180602,7521.01,7697.33,7437.0,7640.03,26720.690219,1527983999999,203370447.69065264,290131,15540.051124,118295998.95554544,0,2
20180604,7714.26,7760.52,7446.5,7487.0,32258.835115,1528156799999,244167051.18701583,307003,17730.335818,134226423.79685757,0,1
20180605,7487.0,7679.49,7358.0,7625.0,31722.973384,1528243199999,237722147.65258065,236865,17315.688399,129807510.9227184,0,2
20180607,7658.79,7765.0,7620.0,7691.08,25062.227202,1528415999999,192949056.8419996,244186,14415.555201,110989280.27224816,0,1
20180608,7691.08,7703.5,7531.0,7603.44,23396.804671,1528502399999,178204158.39968467,321734,13038.958337,99303699.20240831,0,1
20180611,6765.0,6922.0,6610.0,6872.0,34552.162303,1528761599999,233056682.85777128,203442,18716.667057,126255580.927273,0,2
20180612,6872.0,6890.51,6435.0,6530.0,36722.211191,1528847999999,245787800.8012235,224658,19299.735508,129341137.97553147,0,1
20180614,6292.78,6720.0,6260.0,6635.98,44478.130837,1529020799999,289074808.78413,256384,23838.218565,154927680.45566285,0,2
20180616,6380.01,6560.0,6320.86,6483.98,22277.241147,1529193599999,143760033.69408152,140470,12750.635784,82290350.53863607,0,2
20180617,6482.5,6589.03,6422.0,6449.61,19847.247688,1529279999999,129120718.76299886,129759,11208.656933,72949865.16298054,0,1
20180618,6444.06,6794.38,6380.0,6712.46,31821.434995,1529366399999,208570443.95997888,180773,17674.592693,115843959.76406445,0,2
20180621,6763.21,6795.0,6672.57,6718.84,25428.854048,1529625599999,171149859.23602843,159783,15152.496274,101995867.72331424,0,2
20180622,6717.69,6733.97,5918.94,6045.0,52157.370833,1529711999999,327460666.9145165,300515,25336.720438,158994318.27114403,0,2
20180623,6045.92,6260.0,6008.48,6149.98,26622.788589,1529798399999,162755765.84514263,170164,15110.741399,92413061.16412096,0,2
20180624,6149.98,6259.8,5750.0,6136.97,47445.998955,1529884799999,284095336.0578902,275996,25966.417247,155558130.88157263,0,2
20180625,6137.95,6350.0,6061.97,6252.0,39164.515306,1529971199999,242859915.8036461,218384,21986.057384,136305269.99012783,0,2
20180628,6134.73,6173.01,5827.0,5853.98,30585.266026,1530230399999,185247010.87925187,156241,16422.378159,99598694.73730522,0,2
20180629,5851.01,6300.0,5780.0,6197.92,33911.287278,1530316799999,201409363.91549844,212542,18727.192128,111291346.32526273,0,2
20180630,6197.92,6528.99,6186.03,6390.07,37919.61284,1530403199999,241568568.0310778,230915,20036.025726,127666717.38353091,0,2
20180701,6391.08,6441.06,6251.0,6356.81,27562.965974,1530489599999,175096501.49486908,183060,15580.033848,98972791.71265253,0,2
20180702,6360.82,6685.0,6271.62,6615.29,36230.452264,1530575999999,235524330.64865333,242589,18966.910907,123205676.19274496,0,2
20180703,6615.29,6679.35,6463.01,6513.86,38657.781691,1530662399999,254550438.13768885,232914,20503.625399,135047837.8167885,0,2
20180704,6511.01,6784.92,6441.11,6586.98,23571.892777,1530748799999,156277884.33011597,146203,12244.070908,81263604.85511883,0,2
20180705,6585.53,6712.0,6453.33,6529.2,35071.972898,1530835199999,230809190.30740517,216533,19214.780702,126481460.0087366,0,2
20180707,6609.79,6818.16,6508.88,6756.98,23973.876886,1531007999999,158034155.17779145,145449,12894.823579,85004234.47737303,0,2
20180708,6753.48,6780.0,6667.44,6712.1,24622.947794,1531094399999,165941351.79836008,145349,13146.632642,88613261.77225646,0,2
20180709,6712.1,6802.06,6612.24,6662.12,26732.40655,1531180799999,179250573.66648534,147315,14384.135477,96490394.6402318,0,2
20180710,6662.78,6681.0,6263.0,6296.91,38560.672702,1531267199999,249099760.1897497,189913,19261.135859,124490444.6988554,0,2
20180711,6296.91,6406.0,6278.99,6378.07,28715.498487,1531353599999,182357469.02807087,151869,15667.909412,99524638.10405175,0,2
20180712,6378.07,6380.28,6070.0,6250.57,31306.663348,1531439999999,194325733.7875043,150985,16067.766611,99754110.04002684,0,2
20180713,6251.4,6350.0,6110.0,6214.57,26375.325286,1531526399999,164467999.80925834,144757,13191.157016,82276362.81213073,0,2
20180714,6214.57,6335.0,6178.0,6251.99,17783.071999,1531612799999,110959488.24719918,108052,9833.313029,61362055.0050005,0,2
20180715,6250.9,6395.0,6225.4,6353.01,22979.211508,1531699199999,145409822.7448766,114997,13590.240175,85970280.535022,0,2
20180716,6354.15,6747.3,6330.4,6723.35,36204.87708,1531785599999,237104112.45049536,201733,20149.634808,131922164.85268562,0,2
20180717,6723.33,7468.99,6652.04,7317.44,52105.423459,1531871999999,364669305.0369064,276178,28049.11657,195977152.69184417,0,2
20180718,7317.44,7588.08,7225.38,7381.9,59487.64345,1531958399999,440669913.2083524,327949,31196.382316,231133137.3680125,0,2
20180719,7381.88,7576.28,7270.0,7466.21,41218.256437,1532044799999,305198281.13948625,235597,22682.956421,167927663.73101327,0,2
20180720,7468.86,7700.0,7273.0,7337.53,46140.313447,1532131199999,342862693.0959096,251391,24006.584622,178428687.4942052,0,2
20180721,7337.47,7458.47,7211.0,7398.78,28886.490291,1532217599999,212126417.2287315,164901,16427.382562,120688066.37566295,0,2
20180722,7399.25,7582.4,7335.5,7394.79,30270.21844,1532303999999,225619234.83744207,144711,17086.758292,127390550.71923564,0,2
20180723,7394.78,7833.0,7375.0,7721.01,41646.346671,1532390399999,320156546.58240986,219776,22756.449926,174955411.03556776,0,2
20180724,7721.65,8486.0,7696.0,8397.24,60121.163749,1532476799999,487117211.68189824,326329,32980.508325,266991169.60952124,0,2
20180725,8397.24,8491.77,8050.0,8175.64,48257.649124,1532563199999,398119757.80385005,277935,25447.806526,209867505.7687837,0,2
20180726,8175.63,8315.69,7850.06,7920.0,43223.481682,1532649599999,352101207.6799552,235681,22366.994995,182431837.4994889,0,2
20180727,7920.0,8285.0,7805.0,8188.57,43671.005891,1532735999999,350881696.75270694,227397,23168.935319,186142745.18866935,0,2
20180728,8188.57,8246.54,8067.0,8225.04,26215.173839,1532822399999,214357817.0314018,144170,13976.708689,114326656.22009628,0,2
20180729,8225.04,8294.51,8115.0,8211.0,25531.226185,1532908799999,209564023.05224952,144331,14226.697109,116797668.8754396,0,2
20180730,8210.99,8273.0,7866.0,8173.92,39692.416542,1532995199999,321599782.180698,206911,20676.100069,167753771.91739196,0,2
20180731,8171.4,8180.0,7633.0,7730.93,48296.915587,1533081599999,379841367.2024023,239132,24273.184891,190885799.45286345,0,2
20180802,7600.08,7709.46,7455.72,7525.71,37665.696684,1533254399999,285656680.7015636,175627,21216.838126,160971512.85409075,0,2
20180804,7412.27,7494.81,6926.0,7009.84,36288.42601,1533427199999,262282965.4857332,199335,17770.555156,128601932.84105052,0,2
20180805,7009.84,7089.87,6882.29,7024.19,32894.849782,1533513599999,229992627.52322164,148658,18335.956341,128216222.18516617,0,2
20180806,7024.19,7160.0,6821.0,6934.82,32760.191643,1533599999999,229071781.11536673,177378,17486.151576,122304301.71216844,0,2
20180807,6935.0,7150.46,6670.0,6720.06,45438.473501,1533686399999,316365882.1031662,247202,24012.696862,167343592.15417215,0,2
20180808,6720.63,6721.54,6123.0,6285.0,59550.536319,1533772799999,382460776.49398136,305603,30204.484969,194091707.7978788,0,2
20180809,6283.27,6622.81,6178.6,6529.79,51941.185111,1533859199999,332880900.89059937,248573,28290.848883,181381407.1101644,0,2
20180812,6222.55,6472.3,6130.0,6308.33,38567.770712,1534118399999,243227298.87942725,190399,20954.747314,132190051.41706526,0,2
20180814,6248.25,6250.33,5880.0,6188.08,50186.745091,1534291199999,303179556.3624503,252004,25530.653498,154285607.85051605,0,2
20180815,6188.08,6609.0,6172.11,6267.16,68806.687026,1534377599999,439109005.4034304,329413,37144.042168,237077628.52971667,0,2
20180816,6265.27,6480.0,6205.6,6311.75,48515.254618,1534463999999,307755605.1624039,228942,26023.549007,165123672.3296188,0,2
20180818,6579.04,6620.0,6288.0,6387.96,53742.322172,1534636799999,345964004.3657212,276121,29469.810485,189808853.55518275,0,2
20180819,6387.96,6541.0,6300.0,6477.53,45190.847994,1534723199999,289271954.5532653,190758,25368.613272,162405728.97807813,0,2
20180821,6251.0,6500.0,6235.08,6480.0,41569.947408,1534895999999,265458342.7817206,180578,23219.823973,148276323.26185247,0,2
20180826,6733.64,6775.27,6568.0,6700.0,20107.297208,1535327999999,134117930.3957502,130769,9897.250377,66041984.74840774,0,2
20180828,6907.26,7135.0,6860.0,7076.11,48352.917163,1535500799999,338220284.29016566,252033,26495.589966,185343334.34057817,0,2
20180902,7201.57,7345.45,7127.0,7302.01,39814.840352,1535932799999,288526018.71327895,210282,22422.52063,162523675.69236815,0,2
20180903,7302.0,7338.28,7191.63,7263.02,32396.018371,1536019199999,235393601.4251404,173846,16914.880588,122917873.88750283,0,2
20180904,7263.0,7410.0,7227.17,7359.06,35300.640518,1536105599999,258978411.271086,183178,19983.177591,146619387.998844,0,2
20180908,6395.54,6478.0,6111.0,6185.05,38215.032171,1536451199999,241711345.37120345,180831,19615.084193,124201124.4482174,0,2
20180909,6185.06,6441.0,6141.53,6250.81,37053.92382,1536537599999,233583450.10542047,176709,20804.78067,131143409.64187044,0,2
20180911,6311.99,6404.0,6169.68,6294.91,33104.88859,1536710399999,208346648.80045933,173335,18417.973606,115940661.5120764,0,2
20180912,6293.0,6360.0,6192.37,6338.62,31433.645939,1536796799999,197398009.0125667,165590,17211.99689,108098184.76419269,0,2
20180913,6338.62,6535.0,6337.4,6487.38,40465.063107,1536883199999,260985165.19184464,215637,21685.302869,139897583.37583557,0,2
20180916,6514.96,6524.62,6370.0,6505.0,27568.132897,1537142399999,178614079.15149954,145921,15277.360294,99017939.48392932,0,2
20180917,6500.08,6533.84,6201.0,6248.69,35987.254738,1537228799999,228970700.75042212,196924,18132.460484,115435845.03181572,0,2
20180923,6723.05,6788.23,6661.75,6708.0,30286.229773,1537747199999,203479219.38640648,168354,17052.636547,114584135.91268952,0,2
20180925,6581.42,6584.01,6325.02,6447.54,40301.029452,1537919999999,258927200.8310643,219965,21316.072862,136948219.4725573,0,2
20180927,6467.84,6750.0,6434.0,6689.13,33087.428297,1538092799999,216914853.24175173,182590,18395.789811,120651951.00860988,0,2
20180930,6597.66,6662.0,6533.0,6626.57,27764.724519,1538351999999,183438992.37719536,153447,15201.004317,100438551.14193349,0,2
20181002,6610.0,6640.0,6494.0,6525.79,28245.810088,1538524799999,185725492.2802391,147274,15115.821022,99418910.24218991,0,2
20181003,6525.79,6549.0,6430.0,6510.0,28451.969138,1538611199999,184622957.0249073,150607,15296.711506,99276382.4347858,0,2
20181007,6596.44,6640.0,6525.0,6615.26,17406.831762,1538956799999,114489082.7536428,82844,8768.20828,57668448.4121986,0,2
20181008,6615.26,6715.6,6587.0,6673.01,23123.419541,1539043199999,153704602.4302414,135156,12334.914967,81982575.94542176,0,2
20181014,6332.92,6416.0,6308.0,6339.34,15627.411314,1539561599999,99527294.08483064,96113,7127.368587,45405725.82626989,0,2
20181015,6339.34,7680.0,6300.0,6752.5,90748.031246,1539647999999,627984505.5555727,456913,47214.804053,326438267.175792,0,2
20181018,6739.01,6796.0,6567.0,6618.96,20116.521941,1539907199999,134777360.1544343,138002,9735.654593,65252041.08921054,0,2
20181021,6585.72,6663.9,6580.0,6590.11,6515.357792,1540166399999,43146401.58918715,68018,3352.959844,22204439.20522993,0,2
20181022,6590.12,6639.0,6535.27,6581.2,16213.69266,1540252799999,106815019.55165032,101673,8401.545594,55341971.19307679,0,2
20181028,6505.6,6514.17,6453.0,6489.93,5743.933728,1540771199999,37298357.26271342,71647,2728.508889,17719438.99521591,0,3
20181029,6489.93,6505.01,6315.0,6344.5,13827.224067,1540857599999,88484721.03624511,135586,6536.422181,41839860.73171636,0,2
20181103,6432.8,6439.97,6345.0,6387.09,7661.241476,1541289599999,48934237.93991929,83836,3635.868957,23226775.94830495,0,2
20181104,6388.0,6525.0,6359.0,6485.85,10592.394943,1541375999999,68169573.18695,126200,5716.258624,36792110.49723886,0,2
20181106,6468.99,6531.31,6445.18,6519.11,11926.565699,1541548799999,77336101.18719475,150475,5734.321131,37189108.73306704,0,2
20181108,6578.46,6594.0,6468.22,6479.84,13259.789282,1541721599999,86450363.67835227,145405,6370.531258,41543352.29678714,0,2
20181109,6479.84,6511.53,6391.01,6419.99,11787.616583,1541807999999,75997777.50255908,117043,5993.771062,38655506.51281597,0,2
20181111,6435.16,6462.14,6355.0,6449.81,8213.507117,1541980799999,52709099.31784609,98435,3799.700665,24388849.49935703,0,2
20181113,6451.68,6498.0,6391.15,6457.66,11790.564933,1542153599999,76142983.15196352,150940,6176.466277,39897081.36738298,0,2
20181118,5630.49,5738.17,5617.0,5662.0,23844.999347,1542585599999,134893236.9862243,154817,12870.692954,72812616.98964535,0,2
20181119,5661.94,5664.0,4855.0,4910.03,70580.892856,1542671999999,368688743.45440894,378495,34832.065477,181961869.36940217,0,2
20181202,4190.98,4312.99,4103.04,4161.01,38912.15479,1543795199999,162917339.00647366,178087,19632.485758,82236824.78200336,0,2
20181203,4160.55,4179.0,3827.0,3884.01,49094.369163,1543881599999,195055919.54337287,207134,23219.634345,92281403.0479723,0,2
20181207,3508.75,3549.99,3224.6,3403.55,95145.457442,1544227199999,322364604.2802089,413521,47770.637792,161888033.89864397,0,2
20181208,3403.57,3495.0,3222.0,3410.93,55365.949949,1544313599999,187909876.24894735,253650,29371.741091,99748773.25286004,0,3
20181212,3379.23,3492.0,3350.0,3445.0,33922.931286,1544659199999,116227185.79240072,152067,18127.198706,62102213.79885198,0,2
20181214,3302.06,3335.39,3177.0,3224.17,44492.983807,1544831999999,145101409.49359843,184525,22546.670128,73559210.30184719,0,2
20181216,3211.71,3294.0,3186.0,3228.67,24628.808538,1545004799999,80068159.40481837,125565,13109.773513,42626126.40565618,0,3
20181217,3229.22,3585.0,3216.0,3509.08,66762.216388,1545091199999,228758085.61846116,283815,34567.214438,118345866.95801295,0,2
20181220,3660.01,4120.0,3635.0,4049.62,101543.835986,1545350399999,399967057.78281647,500506,52772.933168,207803692.00369185,0,2
20181223,3948.91,4021.53,3870.0,3929.71,40117.531529,1545609599999,158756356.8176238,258417,20216.880715,80034022.88002953,0,2
20181224,3929.71,4198.0,3924.83,4008.01,64647.809129,1545695999999,264628967.06591076,400403,33124.508698,135645529.90615216,0,2
20181226,3745.56,3837.15,3656.74,3777.74,42629.375817,1545868799999,159705204.50415567,267746,22292.219845,83539027.8284803,0,2
20181228,3567.89,3887.25,3540.04,3839.26,45964.304987,1546041599999,170638519.2472785,251040,24449.924653,90747704.9025186,0,2
20181230,3696.71,3903.5,3657.9,3801.91,33222.369262,1546214399999,124966229.52022897,218929,17427.342285,65587964.90351099,0,2
20181231,3803.12,3810.0,3630.33,3702.9,29991.77835,1546300799999,111847216.11708207,190308,15523.796134,57912258.76286516,0,3
20190103,3857.57,3862.74,3730.0,3766.78,29406.948359,1546559999999,111657372.69526468,199812,14793.083267,56172495.42692984,0,3
20190105,3790.09,3840.99,3751.0,3770.96,30490.667751,1546732799999,115893501.27515878,203673,14908.914175,56667455.38615935,0,2
20190106,3771.12,4027.71,3740.0,3987.6,36553.806709,1546819199999,142198812.18914708,240496,19772.887008,76903705.93007119,0,3
20190107,3987.62,4017.9,3921.53,3975.45,31869.846264,1546905599999,126830380.4928724,221219,16404.352241,65287611.65056139,0,2
20190113,3584.1,3611.1,3441.3,3476.81,26385.757454,1547423999999,92882249.46737902,183113,13692.42064,48229503.0153272,0,2
20190114,3477.56,3671.87,3467.02,3626.09,35235.211215,1547510399999,125631820.06705056,229452,18416.416902,65668831.10400985,0,2
20190117,3591.84,3634.7,3530.39,3616.21,29755.440838,1547769599999,106709136.97324342,217797,16010.503395,57427195.93767381,0,2
20190119,3594.87,3720.0,3594.23,3665.3,22171.578123,1547942399999,81354185.90325992,175054,11637.258171,42690540.30785225,0,2
20190120,3665.75,3693.73,3475.0,3539.28,27901.938598,1548028799999,99767239.95381454,204941,13875.111381,49633530.63808028,0,2
20190123,3570.41,3607.98,3514.5,3552.82,24938.842698,1548287999999,88816396.34583545,192892,13136.693253,46789527.0087881,0,2
20190127,3565.62,3579.0,3486.0,3550.84,22735.598162,1548633599999,80743416.84653682,163855,11568.567399,41100311.44740031,0,2
20190128,3550.05,3557.75,3380.27,3434.15,40405.111401,1548719999999,139258708.7643088,260799,20334.271739,70100390.81728584,0,2
20190131,3457.5,3489.2,3418.8,3434.1,29607.190253,1548979199999,101928346.97699685,198100,15325.828783,52764623.95051864,0,2
20190202,3462.2,3526.4,3440.29,3504.77,17920.802,1549151999999,62134037.97539881,153234,9637.41923,33417963.69624554,0,2
20190203,3504.06,3511.09,3426.0,3458.11,19867.33639,1549238399999,68801620.06241606,138592,10126.716143,35070884.46205618,0,3
20190204,3458.11,3484.88,3433.31,3463.22,23131.981108,1549324799999,80024258.22766612,155686,12387.109781,42856551.66874073,0,2
20190208,3398.4,3733.58,3373.1,3659.04,47968.058013,1549670399999,170118212.46197885,277242,25500.970345,90453750.95066436,0,3
20190217,3617.22,3700.11,3604.4,3667.58,25690.227779,1550447999999,93426433.13226132,179511,13004.164676,47317986.79403941,0,3
20190218,3667.62,3925.0,3655.0,3898.6,64042.730492,1550534399999,242898012.76922593,393515,33934.973171,128779026.65413164,0,3
20190224,4118.0,4198.0,3712.66,3743.56,62224.18689,1551052799999,244146803.51886997,410578,30284.980963,118938981.43024276,0,3
20190225,3743.56,3872.66,3740.0,3827.92,38102.966245,1551139199999,145285565.2031707,262716,20414.125316,77851143.96719553,0,3
20190228,3818.04,3888.0,3763.87,3813.69,32561.961044,1551398399999,124703738.39336836,233849,16907.092301,64761233.24960861,0,2
20190301,3814.26,3857.0,3813.01,3823.0,23174.57217,1551484799999,88851336.5211179,179860,12773.952595,48982541.74343915,0,2
20190302,3822.17,3841.31,3772.25,3819.93,19445.838355,1551571199999,74175357.77882297,149854,10248.945655,39098061.94664881,0,3
20190303,3819.97,3835.0,3781.32,3807.75,16718.16541,1551657599999,63791898.99159701,127681,8854.218878,33793163.48606208,0,2
20190304,3807.32,3830.0,3670.69,3715.3,34742.84166,1551743999999,129739738.23815794,218615,18023.022407,67312533.26381876,0,3
20190308,3873.63,3932.0,3800.0,3864.89,34730.366592,1552089599999,135000852.01035947,211534,17947.934228,69791058.74747884,0,3
20190310,3943.43,3943.43,3881.69,3916.82,23187.561412,1552262399999,90693949.72150733,167920,12518.496386,48968093.08714351,0,3
20190311,3915.99,3936.98,3830.0,3871.61,38066.885705,1552348799999,147721971.09446937,209916,19416.221014,75329574.17851433,0,2
20190321,4043.04,4069.32,3880.01,3980.64,35997.682119,1553212799999,144010401.50845116,236100,18704.221837,74835394.39208286,0,3
20190322,3980.85,4008.0,3968.25,3986.93,20022.606318,1553299199999,79861943.8108997,153703,10561.694577,42127893.35065794,0,3
20190323,3987.89,4018.83,3978.01,4006.01,17302.604318,1553385599999,69169819.8628637,143155,9491.144728,37945846.04025019,0,3
20190324,4006.01,4006.02,3950.0,3992.18,17179.850648,1553471999999,68524082.74695624,131087,8617.365925,34375232.36909545,0,3
20190325,3991.35,3999.3,3888.71,3936.12,33192.890217,1553558399999,131507366.37512892,227739,17050.634827,67573128.16531546,0,3
20190327,3948.77,4048.0,3936.15,4038.05,32364.555852,1553731199999,129681258.0162135,224309,17964.550601,71983196.76062553,0,3
20190329,4028.22,4123.71,4024.03,4103.25,30084.217444,1553903999999,122585822.5865048,203826,16800.509572,68459620.2724032,0,3
20190330,4104.24,4140.0,4052.0,4106.97,19509.292601,1553990399999,79853835.581824,162463,10322.148775,42255037.00428935,0,2
20190401,4102.44,4158.7,4067.0,4144.56,25507.067641,1554163199999,105388238.14788891,184268,12915.28932,53371959.95327402,0,3
20190402,4144.54,4897.99,4140.54,4857.29,105383.639263,1554249599999,489018726.75750667,609133,55726.141684,258300768.815403,0,3
20190403,4857.19,5275.01,4753.5,4932.6,109890.125743,1554335999999,548900970.9178842,692019,55975.584761,279654422.0749142,0,3
20190404,4932.59,5039.08,4777.0,4898.66,61054.254168,1554422399999,301411332.0090243,419141,31203.308354,154090564.79115182,0,2
20190405,4898.64,5028.22,4880.62,5004.95,39768.552806,1554508799999,197660830.71096665,292375,21235.636237,105586318.20991644,0,3
20190409,5238.38,5238.4,5076.68,5150.0,34067.012311,1554854399999,175633627.31637353,253381,16967.006115,87496291.75731626,0,3
20190412,5017.37,5080.58,4861.22,5048.01,33276.678614,1555113599999,166485761.0793121,226036,16899.590533,84561818.27888817,0,3
20190413,5047.0,5099.0,5004.0,5045.22,17292.456802,1555199999999,87375984.44461507,138674,8692.053259,43925293.92220215,0,3
20190414,5047.45,5152.99,5000.0,5131.3,18281.607739,1555286399999,92594930.42710131,131700,10043.911667,50893945.02767781,0,3
20190415,5131.28,5167.38,4950.0,5024.95,29057.191581,1555372799999,147687551.9414771,204944,14170.252402,72070166.00084409,0,3
20190416,5024.95,5197.72,5003.94,5173.72,24242.229493,1555459199999,123581651.71216355,168550,12804.633768,65290617.51599363,0,3
20190417,5173.72,5230.4,5146.8,5202.82,23307.536134,1555545599999,120972345.51821636,179490,12172.531724,63190167.89632924,0,3
20190418,5202.41,5287.0,5198.8,5258.44,22619.239001,1555631999999,118573129.86520115,167110,12104.852932,63464128.54331125,0,3
20190422,5257.41,5400.0,5208.35,5357.14,29563.852309,1555977599999,156632202.9709961,210361,15828.004851,83879362.2832235,0,3
20190423,5357.14,5600.0,5332.41,5493.31,41262.103917,1556063999999,227154061.8577141,282563,21260.014469,117054771.35759218,0,3
20190424,5490.91,5582.2,5333.35,5415.0,48224.152413,1556150399999,262493252.9358424,339599,23401.18852,127419838.497842,0,3
20190426,5220.47,5510.0,5161.62,5314.1,48912.294513,1556323199999,259659705.6513858,333183,25076.718297,133163032.45656708,0,3
20190427,5315.0,5342.5,5257.67,5295.69,15422.896935,1556409599999,81749716.42174439,145733,7918.227056,41978251.89852615,0,2
20190428,5295.69,5340.0,5259.48,5307.52,14371.433869,1556495999999,76277087.37424076,127730,7160.773725,38011547.93921391,0,2
20190429,5309.81,5332.0,5178.8,5238.14,19918.135079,1556582399999,104822151.5144498,178472,9983.622137,52529726.6306137,0,3
20190502,5383.2,5538.0,5370.0,5492.87,22795.787835,1556841599999,124498567.2076544,181896,11908.895892,65029410.500783,0,3
20190503,5494.81,5844.0,5477.57,5772.69,46297.172849,1556927999999,264435878.92811015,338298,24992.74319,142732584.0758724,0,3
20190504,5770.62,5900.0,5587.45,5829.45,39682.408991,1557014399999,228942582.4507792,283145,21037.299477,121524183.9274325,0,3
20190505,5829.83,5839.9,5696.0,5775.62,23822.543775,1557100799999,137653160.7660216,185365,11824.087921,68357177.93240789,0,3
20190506,5773.18,5805.0,5619.14,5747.79,25256.596325,1557187199999,144358553.85462248,230431,12922.62549,73880906.50332905,0,3
20190507,5749.92,6028.41,5747.74,5846.34,39905.064422,1557273599999,236176663.81792104,301388,21302.981217,126064101.9122562,0,2
20190508,5846.34,6014.72,5772.2,5987.29,23074.186907,1557359999999,136246055.59559172,190969,11961.036359,70660061.87146753,0,2
20190510,6209.95,6468.92,6172.0,6373.33,36623.61079,1557532799999,231801342.4320928,283074,18548.927995,117379030.42732473,0,3
20190511,6375.16,7343.99,6372.85,7076.22,74022.424393,1557619199999,507216001.34340405,562540,40091.997215,274656200.80251044,0,3
20190512,7076.24,7521.78,6750.0,6967.31,86948.975339,1557705599999,619939454.4896551,647345,42689.589676,304720922.9083252,0,3
20190513,6968.24,8100.0,6870.0,7790.71,85804.735333,1557791999999,648012612.2927012,588497,45381.262259,342327287.016619,0,3
20190514,7795.62,8366.0,7599.56,7947.56,76583.722603,1557878399999,611103206.0032725,655426,38953.032335,310810946.93725246,0,3
20190516,8169.08,8320.0,7705.0,7866.59,69630.513996,1558051199999,557126171.2789642,666538,35097.404158,280897013.06816626,0,3
20190517,7868.67,7925.0,6913.0,7355.26,88752.008159,1558137599999,645676487.3744029,803893,45121.474978,328348049.1630897,0,3
20190518,7355.28,7458.0,7156.61,7257.45,37054.944779,1558223999999,271170511.0509332,379504,19375.84836,141830045.16939756,0,3
20190519,7257.32,8275.09,7243.08,8148.48,65577.442058,1558310399999,517729474.35844094,583432,35593.490022,281177713.21845126,0,3
20190520,8147.94,8156.03,7553.0,7938.15,65859.208564,1558396799999,517939277.868858,610360,34629.645645,272371020.306778,0,3
20190521,7937.16,8042.32,7771.0,7904.87,52301.752247,1558483199999,413637782.3697456,554038,27272.360448,215730616.60421488,0,3
20190522,7904.48,8016.0,7465.0,7628.43,49136.994589,1558569599999,384730220.72195166,461337,24410.962662,191296198.55463496,0,3
20190523,7627.8,7940.98,7461.0,7851.51,49648.184701,1558655999999,381536239.5128484,449220,25959.859838,199607980.98608008,0,3
20190524,7849.95,8130.0,7766.0,7964.87,46664.785325,1558742399999,371381043.73160255,428676,25045.733428,199347829.0258737,0,3
20190525,7964.52,8091.8,7908.34,8025.41,28414.328817,1558828799999,227376280.5854076,264448,15037.164996,120334124.30243574,0,3
20190526,8023.0,8740.0,7833.42,8614.43,49652.144567,1558915199999,409616322.3884788,377306,26438.946803,217911336.30408233,0,3
20190528,8752.52,8798.49,8510.63,8715.64,31470.551534,1559087999999,273791910.6314759,349123,16561.876811,144108437.06115803,0,3
20190529,8716.87,8750.0,8406.6,8645.68,33880.865922,1559174399999,292094591.01803863,352317,17575.580317,151595491.23598412,0,3
20190601,8555.0,8626.0,8442.36,8544.07,31868.234157,1559433599999,272098436.34069574,348375,16922.662425,144486129.11826152,0,3
20190602,8545.1,8814.78,8524.0,8725.98,27835.133265,1559519999999,241414596.71950516,299353,14585.886999,126530020.38343656,0,2
20190603,8726.0,8800.95,8080.8,8115.82,45692.965104,1559606399999,387155494.9730488,431252,22514.316859,190882595.70344344,0,3
20190604,8115.66,8115.66,7481.02,7687.03,74143.948941,1559692799999,582173398.3257968,645913,36776.597131,288822568.0432201,0,3
20190605,7687.04,7896.7,7572.78,7776.5,48679.656455,1559779199999,377635818.0044095,426120,26296.533959,204082647.8767332,0,3
20190606,7778.08,7868.13,7444.58,7786.7,36624.118747,1559865599999,282156410.54378915,371485,18877.986383,145537581.791608,0,3
20190607,7787.57,8100.0,7737.49,7980.53,33942.225658,1559951999999,269125728.1416496,323096,17193.575595,136343077.37705734,0,3
20190608,7978.94,8044.65,7751.0,7893.62,22657.329634,1560038399999,179047320.02388045,250864,11795.097294,93237148.4745482,0,3
20190609,7895.28,7935.0,7506.66,7628.13,31568.465157,1560124799999,243970971.0244344,322175,16234.631275,125591062.0391708,0,3
20190610,7627.57,8020.0,7511.0,7982.75,36756.078468,1560211199999,287125339.97011447,387179,19890.868561,155461282.83139247,0,2
20190611,7981.0,8010.0,7692.23,7884.9,30334.999427,1560297599999,238031771.51747337,309059,15793.772451,124001190.82079008,0,3
20190613,8127.64,8309.82,8010.03,8218.54,30467.764341,1560470399999,248418184.7720466,341246,16100.161346,131293315.79862677,0,3
20190614,8216.44,8684.41,8144.32,8650.0,39835.246255,1560556799999,333475488.55375946,410072,20970.623827,175588531.48519167,0,3
20190615,8650.88,8864.99,8567.63,8808.7,31791.636039,1560643199999,276420769.2933853,335840,16798.379296,146051605.23593673,0,2
20190616,8810.77,9333.0,8760.0,8953.33,63289.251219,1560729599999,574211342.9796603,552319,33804.182046,306793742.1084928,0,3
20190617,8953.0,9444.0,8950.0,9313.96,47895.485374,1560815999999,441567296.05926627,462160,24826.97685,228962151.24115247,0,3
20190618,9312.13,9336.36,8950.0,9081.55,51554.569401,1560902399999,470271954.2987056,449730,28057.047335,255972426.13011804,0,3
20190620,9253.76,9590.0,9175.2,9517.12,34556.053982,1561075199999,323621848.1987617,350662,18032.190714,168891671.53448427,0,3
20190621,9518.06,10174.99,9518.06,10159.86,50484.415892,1561161599999,494783687.9853515,474344,28305.732749,277616242.76671946,0,3
20190623,10729.0,11392.64,10555.18,10906.07,57445.323945,1561334399999,625330374.7466884,557935,30129.801033,327919162.5503831,0,3
20190624,10905.95,11143.63,10620.8,11056.59,43101.045285,1561420799999,469746663.93811727,440335,22674.413851,247193774.35494488,0,3
20190626,11821.28,13970.0,11741.0,13093.8,155930.147386,1561593599999,1996178374.594492,1355074,76046.064206,973444882.2175624,0,3
20190627,13098.38,13478.04,10525.1,11329.99,173894.820889,1561679999999,2058443849.314,1357233,80442.119916,951733425.6087811,0,3
20190628,11329.99,12480.0,10982.88,12400.63,95795.203964,1561766399999,1129888341.3212836,883116,48847.107883,576552254.919601,0,2
20190629,12407.06,12441.54,11475.02,11903.13,69642.074157,1561852799999,829011822.2365324,732073,36061.459369,429403585.74678665,0,3
20190630,11903.13,12180.0,10766.03,10854.1,84512.530443,1561939199999,971151050.9005817,711267,42697.44,492370966.31592095,0,3
20190702,10624.9,10938.75,9727.0,10842.85,109561.038728,1562111999999,1128353804.8007915,870148,54998.503606,566863180.5509229,0,3
20190703,10844.98,11991.89,10841.04,11940.0,96815.90029,1562198399999,1097804642.7577736,814754,49613.616744,561585673.8651912,0,3
20190704,11940.0,12000.0,11055.0,11145.67,66512.221892,1562284799999,775818897.3894848,643867,33626.851862,392411806.4334007,0,3
20190705,11145.67,11406.83,10796.44,10970.73,63534.350582,1562371199999,705853649.0264896,564857,32306.914259,359142813.9881069,0,3
20190706,10982.41,11665.0,10964.51,11256.49,51469.496331,1562457599999,585001376.155429,470692,25601.989482,291096287.944003,0,3
20190707,11256.45,11538.0,11094.37,11406.24,38884.795599,1562543999999,439439052.9455421,366769,22449.30112,253820654.34123248,0,3
20190709,12238.6,12794.73,12068.0,12543.41,78442.130343,1562716799999,975986802.0300353,660273,40993.911974,508388352.3604959,0,3
20190710,12548.51,13147.08,11569.0,12108.37,109246.044997,1562803199999,1369749939.9675035,899391,46964.760907,588798251.124835,0,3
20190711,12108.11,12111.73,11000.0,11342.89,87506.461058,1562889599999,1007356802.218256,760057,43714.15617,503407388.68365425,0,3
20190712,11342.88,11885.0,11073.0,11757.22,56321.858281,1562975999999,649824820.7654814,537561,30291.119356,349517968.90387326,0,3
20190713,11757.22,11799.98,10830.0,11355.76,54245.594548,1563062399999,614050007.9919451,510305,26460.058236,299649536.3943535,0,3
20190714,11355.78,11452.0,10103.0,10174.18,72517.579236,1563148799999,777646151.6029468,649043,35853.69216,384643236.23562616,0,3
20190715,10174.18,11100.0,9860.0,10838.72,81922.426332,1563235199999,851028723.7031858,732206,41714.189655,433767828.4945731,0,3
20190717,9430.17,9957.0,9060.0,9667.92,84942.672717,1563407999999,809555508.3476789,757742,43073.115146,410754257.707386,0,3
20190718,9668.86,10788.0,9252.0,10627.16,80283.310252,1563494399999,807822745.1854327,734821,42103.344745,423743857.79454607,0,3
20190719,10628.64,10769.71,10121.84,10504.29,56546.932133,1563580799999,589931612.3419864,567735,29070.357474,303508985.606864,0,3
20190720,10505.78,11068.99,10350.0,10740.23,47331.899848,1563667199999,505569016.35008293,461660,25003.62155,267188169.9395916,0,3
20190721,10740.27,10817.9,10288.0,10589.45,38834.287935,1563753599999,409661485.99856466,395452,20345.527384,214610701.2026862,0,3
20190722,10590.15,10683.16,10100.0,10340.31,40467.954839,1563839999999,421016379.36208767,389565,19335.4119,201324461.22845033,0,3
20190723,10343.08,10343.97,9822.0,9864.91,47624.37071,1563926399999,478441909.40505725,448147,24082.309129,241965620.20266604,0,3
20190724,9864.78,9937.0,9525.0,9763.28,43475.380377,1564012799999,422534162.14571214,424762,21963.773537,213526693.3881535,0,3
20190725,9763.4,10175.0,9720.03,9879.87,37873.354728,1564099199999,378938450.0817674,368176,19308.011426,193241603.01232004,0,3
20190730,9509.07,9714.28,9402.0,9574.21,32536.368834,1564531199999,310867928.28793913,283961,17211.009653,164621319.04418957,0,3
20190731,9575.0,10109.8,9555.0,10080.53,39515.35456,1564617599999,389690761.44466114,364212,21235.609604,209506872.509218,0,3
20190801,10080.53,10467.86,9863.46,10374.99,41727.637028,1564703999999,422156523.6690079,378062,22244.919467,225207082.39426735,0,3
20190802,10375.0,10670.0,10281.35,10523.75,42990.444221,1564790399999,450323284.1507597,431322,22206.135093,232638457.60696328,0,3
20190803,10523.75,10904.77,10497.93,10816.86,33802.318824,1564876799999,363852799.8717801,348893,18132.529707,195125820.47946516,0,3
20190804,10816.86,11040.0,10552.0,10929.23,39924.745141,1564963199999,431793873.4232976,353721,22066.368257,238959952.2351608,0,3
20190805,10929.99,11937.52,10927.8,11828.8,65153.673713,1565049599999,757976547.217046,622610,33530.07066,389969213.3989176,0,3
20190808,11975.04,12060.0,11521.0,11999.77,51207.257174,1565308799999,604389131.062836,473584,27463.200763,324785966.1265964,0,3
20190809,11994.17,12045.68,11700.0,11879.99,39427.152588,1565395199999,467011047.9414285,410902,20074.421911,238009297.579604,0,3
20190811,11309.24,11600.0,11112.11,11549.97,26772.90691,1565567999999,304862403.351449,306234,15007.4382,171032610.99181715,0,3
20190812,11539.08,11577.89,11235.32,11396.08,17568.227075,1565654399999,200325471.60414097,255966,9200.430879,104948602.15277772,0,3
20190813,11398.35,11456.16,10788.45,10892.71,33234.72968,1565740799999,368994475.5461124,337834,13483.5587,149693332.12683108,0,3
20190814,10893.36,10897.48,9928.1,10050.37,54451.847499,1565827199999,567724729.1059059,534507,26080.631381,271971667.5509817,0,3
20190815,10055.16,10460.0,9911.0,10293.93,38174.45112,1565913599999,387705855.0879112,373368,19588.082918,199059445.6042564,0,2
20190816,10296.77,10536.03,9750.0,10331.54,51758.142918,1565999999999,527258446.3977765,504740,25818.031537,263301246.8984917,0,3
20190817,10331.15,10465.14,10000.0,10216.02,29000.581201,1566086399999,297776329.0305825,332795,14672.94974,150792759.3452331,0,3
20190819,10306.17,10930.0,10258.6,10915.54,37243.319217,1566259199999,396233441.0274596,337022,20591.436572,219085855.34458047,0,3
20190820,10914.73,10949.96,10560.0,10760.51,32298.921679,1566345599999,346664453.1367265,305065,16017.544729,172082522.17892724,0,3
20190821,10760.51,10804.13,9858.0,10142.57,47355.719282,1566431999999,482889274.517917,458814,21565.830561,219533134.86528105,0,3
20190822,10140.82,10242.0,9762.0,10099.88,34059.642738,1566518399999,341371442.9068388,401148,17921.9543,179746967.2352143,0,3
20190824,10388.16,10419.42,9890.0,10134.35,27692.456844,1566691199999,279962133.6257099,313227,13623.564841,137726211.36364344,0,3
20190825,10134.61,10333.0,9906.97,10142.69,26271.657398,1566777599999,265132761.31704283,289956,12885.717735,130202473.09027292,0,3
20190827,10373.6,10391.08,10051.08,10185.05,28402.775383,1566950399999,289340681.0789518,292888,13852.442138,141207845.02919284,0,3
20190828,10185.69,10299.0,9601.01,9721.0,42110.555375,1567036799999,420034883.00315255,381293,19430.822573,194055407.18003407,0,3
20190829,9721.0,9724.0,9320.0,9498.44,35532.69491,1567123199999,337838761.5572865,343887,17536.268448,166811264.08255094,0,3
20190830,9499.01,9696.0,9350.41,9584.54,26834.318104,1567209599999,255854874.4507745,259270,14227.872851,135696420.41983488,0,3
20190831,9582.76,9684.51,9420.75,9587.47,17130.290074,1567295999999,164116756.46299693,199188,8558.148214,82010834.33875087,0,3
20190901,9588.74,9830.0,9520.0,9724.98,19545.404843,1567382399999,188513289.12235728,191324,11545.610598,111464034.38112412,0,3
20190902,9723.59,10450.0,9712.5,10340.0,44740.248093,1567468799999,448462178.630381,354155,25140.296125,251933840.30794755,0,3
20190903,10340.0,10773.0,10272.0,10615.28,47998.376781,1567555199999,505617667.3992669,416076,24734.303264,260488377.88812712,0,3
20190904,10611.85,10799.0,10369.89,10567.02,43943.889026,1567641599999,463526509.325937,383457,22244.067656,234731325.60204145,0,3
20190912,10158.75,10448.81,10040.0,10415.01,34511.162755,1568332799999,353390090.96777725,317881,18550.853202,190066356.88701728,0,3
20190923,10028.05,10049.99,9615.77,9702.25,31937.232356,1569283199999,314390584.62646127,332817,14940.112496,147108768.54457945,0,3
20190925,8497.55,8730.0,8215.64,8430.05,60783.892258,1569455999999,512437200.3611044,544806,30489.471994,257118054.5490336,0,3
20190929,8199.38,8229.13,7890.0,8043.82,31544.211388,1569801599999,253660600.3252929,322501,15507.400781,124764250.17575432,0,3
20191003,8360.0,8393.0,8060.0,8223.96,30488.284058,1570147199999,250291751.27141392,281307,15321.407535,125826457.09252052,0,3
20191004,8224.43,8232.41,8005.0,8137.13,26476.330404,1570233599999,215325611.6822151,259012,13236.810255,107708233.74574783,0,3
20191005,8137.09,8183.41,8012.98,8126.19,21907.615564,1570319999999,177252877.0029691,237769,10620.069822,85943843.84390093,0,3
20191006,8127.55,8153.87,7785.0,7854.25,34676.104049,1570406399999,275447898.032875,325795,16437.310141,130619830.63356861,0,3
20191007,7855.3,8299.92,7762.0,8190.09,52202.072297,1570492799999,420921679.8442632,482605,28088.649704,226592301.6438216,0,3
20191008,8190.82,8325.0,8088.75,8168.39,35452.657423,1570579199999,290675248.1414453,395685,16893.73714,138551354.17557934,0,3
20191009,8170.79,8670.0,8115.0,8560.74,55038.704378,1570665599999,462845251.8136103,537805,29211.87169,245678414.8292902,0,3
20191013,8301.98,8451.37,8160.0,8275.01,27840.739953,1571011199999,232149438.3639587,320051,14035.914654,117101482.90464428,0,3
20191015,8346.86,8403.0,8090.0,8159.29,32773.062476,1571183999999,270727559.77701086,399447,16822.940015,139031758.65565604,0,3
20191016,8159.3,8181.16,7917.0,7991.74,34733.593966,1571270399999,279586845.5362138,421026,17198.827976,138510455.77691367,0,3
20191017,7995.02,8124.92,7929.03,8070.58,29656.949158,1571356799999,238343204.48251528,356490,15922.046058,127960055.04589143,0,3
20191019,7946.89,8098.1,7866.92,7948.01,26627.889388,1571529599999,211909734.13572004,349746,13886.838244,110541248.17503741,0,3
20191022,8197.28,8297.99,8000.0,8020.0,34651.828663,1571788799999,283535483.41051364,384699,16767.036824,137253195.95826292,0,3
20191029,9204.45,9550.0,9072.0,9407.62,64158.462446,1572393599999,600611324.6356996,559589,32787.049174,307062268.4199178,0,3
20191031,9154.02,9405.0,8913.0,9140.85,54376.024902,1572566399999,498152743.7348088,490183,27252.203536,249802680.66380808,0,3
20191101,9140.86,9279.0,9030.0,9231.61,43594.814115,1572652799999,398803069.00908464,478002,22843.605042,209045155.88095695,0,3
20191104,9196.46,9513.68,9115.84,9393.35,45894.456277,1572911999999,426792003.1749065,453749,24741.815925,230142613.2075244,0,3
20191105,9392.4,9454.95,9175.76,9308.66,45935.873665,1572998399999,428156963.0785469,492885,22809.239558,212668961.37619615,0,3
20191107,9339.16,9375.0,9101.0,9216.2,39117.470853,1573171199999,361217475.05834645,401984,19603.523572,181092296.04003775,0,3
20191112,8733.36,8888.0,8567.6,8821.94,40366.629471,1573603199999,352675938.430593,406765,20225.03456,176773688.17197937,0,3
20191113,8821.91,8844.99,8702.0,8777.12,26810.116918,1573689599999,235060554.1241016,281593,13524.993035,118583622.59890504,0,3
20191114,8777.54,8800.0,8582.6,8646.68,33468.468961,1573775999999,290104306.9530332,337019,16272.816785,141092283.63703057,0,3
20191115,8646.38,8790.0,8400.0,8471.73,46087.417751,1573862399999,394708981.3155723,423919,22568.290117,193359510.76146767,0,3
20191116,8471.62,8543.0,8400.0,8491.02,20902.299752,1573948799999,177222838.38564816,231473,10703.629784,90759494.93371467,0,3
20191117,8490.74,8635.0,8350.68,8502.4,27009.037082,1574035199999,229995700.81158423,259594,13607.516179,115878483.61499643,0,3
20191118,8502.87,8503.52,8060.0,8187.17,43017.69094,1574121599999,358706174.8252184,366263,20525.116924,171255974.96099597,0,3
20191119,8186.5,8218.63,8003.0,8133.64,43556.061025,1574207999999,353463792.04443395,357382,21816.725084,177061624.17883486,0,3
20191120,8133.83,8264.29,8038.4,8098.01,32466.23098,1574294399999,263387575.485922,288843,16751.186459,135913703.28376597,0,3
20191122,7627.79,7750.0,6790.0,7268.23,126603.140259,1574467199999,917881536.262084,817604,60867.912182,441369226.6062732,0,3
20191123,7268.23,7344.48,7080.01,7311.57,50449.894755,1574553599999,364446217.3737604,414045,25882.631466,187044325.06936932,0,3
20191124,7311.1,7330.39,6861.0,6903.28,67890.206483,1574639999999,481922941.3269758,446014,33387.528695,237048588.0634904,0,3
20191125,6900.23,7377.69,6515.0,7109.57,119645.735197,1574726399999,831628458.3049068,679721,60533.393613,421590444.0656638,0,3
20191126,7109.99,7340.0,7017.48,7156.14,65722.39769,1574812799999,469602476.91268086,433933,33301.349941,237985219.12113363,0,2
20191127,7154.75,7655.0,6840.0,7508.52,92452.87349,1574899199999,671646609.1695509,582055,47058.028744,342164140.1831574,0,3
20191129,7418.52,7850.0,7362.3,7739.68,60745.300873,1575071999999,463006956.68515134,412929,31576.88619,240751084.86781704,0,3
20191201,7540.63,7541.85,7210.0,7390.89,60769.342313,1575244799999,446524917.2059704,420573,31120.002932,228709227.474782,0,3
20191202,7391.5,7420.56,7151.1,7294.28,46330.25604,1575331199999,337889295.51018095,326881,24043.616393,175417845.96777073,0,3
20191210,7338.64,7407.6,7157.1,7224.13,49723.76214,1576022399999,363127435.3955167,439637,24739.064153,180700991.44760168,0,3
20191229,7315.36,7528.45,7288.0,7388.24,31387.106085,1577663999999,231731575.8282169,283213,15999.777828,118139507.92862746,0,3
20191231,7246.0,7320.0,7145.01,7195.23,25954.453533,1577836799999,187518399.34504,251976,12595.930347,91036201.1378344,0,3
20200101,7195.24,7255.0,7175.15,7200.85,16792.388165,1577923199999,121214452.11606228,194010,8946.955535,64597785.21233434,0,3
20200102,7200.77,7212.5,6924.74,6965.71,31951.483932,1578009599999,225982341.3011403,302667,15141.61134,107060829.07806464,0,3
20200110,7817.74,8199.0,7672.0,8197.02,82406.777448,1578700799999,652774220.3884369,606101,42361.755307,335845385.67483306,0,3
20200119,8915.09,9198.98,8466.0,8701.7,70676.889259,1579478399999,623950864.2762928,615665,33655.943241,297282818.0931591,0,3
20200131,9511.52,9530.22,9210.01,9352.89,45552.022352,1580515199999,425779010.4065367,428547,22482.470899,210150300.2222744,0,3
20200205,9197.02,9744.45,9177.22,9612.04,64870.415615,1580947199999,613540574.7818311,661758,35375.605202,334620486.13736695,0,3
20200208,9813.87,9940.0,9667.11,9895.05,43600.843666,1581206399999,427781790.200816,514573,22664.381837,222438123.8466874,0,3
20200209,9895.04,10166.0,9880.75,10151.75,43408.475616,1581292799999,437441704.9053964,536848,22408.277327,225799470.0027466,0,3
20200210,10151.72,10188.0,9756.0,9851.83,59573.084619,1581379199999,590091358.442907,690308,28618.883245,283509329.4368132,0,3
20200211,9851.74,10323.59,9700.0,10223.08,62422.395224,1581465599999,624970415.4054741,710170,31905.31642,319373572.87250507,0,3
20200219,10164.78,10250.0,9350.0,9593.79,55162.586895,1582156799999,547679966.9292257,588760,25457.91648,253188749.12823528,0,3
20200222,9677.05,9709.17,9560.02,9650.86,24636.757623,1582415999999,237544283.22525856,319961,13267.246511,127929552.9975982,0,3
20200305,8750.99,9159.42,8746.54,9054.68,58201.866355,1583452799999,524102029.20478296,619552,30482.082171,274387102.9108894,0,3
20200306,9054.64,9170.0,8985.5,9131.88,43782.948044,1583539199999,397598476.42056286,493216,22296.560506,202484342.22117203,0,3
20200320,6162.05,6900.0,5670.0,6208.36,219298.329514,1584748799999,1401734013.175202,1580069,104719.63918,670117999.1481416,0,3
20200324,6465.25,6833.0,6371.33,6744.72,151138.009878,1585094399999,1001890515.2399886,1012669,72781.817328,482659188.5527677,0,3
20200329,6236.65,6266.0,5866.56,5881.42,63311.627714,1585526399999,383707122.50096285,496709,29080.967922,176336037.90451324,0,3
20200401,6412.14,6679.94,6150.11,6642.92,97500.7524,1585785599999,618527468.834164,758061,49161.370195,312180122.9802661,0,3
20200402,6643.36,7198.0,6551.0,6794.09,149299.906871,1585871999999,1014494762.4416422,1101043,74722.163748,508095825.9586769,0,3
20200405,6857.41,6895.54,6677.52,6772.78,49685.356983,1586131199999,337062083.002028,506433,23875.578312,162008820.3887751,0,3
20200410,7283.54,7295.75,6739.98,6858.92,104674.623375,1586563199999,727281590.7719399,949050,47958.960805,333222230.69815034,0,3
20200414,6838.04,6978.0,6754.28,6868.7,69068.623285,1586908799999,474794776.19211113,608665,32019.322337,220122993.7265764,0,3
20200416,6621.25,7190.0,6468.27,7101.94,125009.857539,1587081599999,865277543.3946935,971163,63251.204331,438475139.10829705,0,3
20200419,7248.6,7266.15,7055.6,7120.74,45664.86393,1587340799999,326485586.9317384,483574,21519.030976,153854417.3706887,0,3
20200430,8778.58,9460.0,8401.0,8620.0,206277.214124,1588291199999,1839283907.4625196,1661554,99484.476377,887675398.177694,0,3
20200501,8620.0,9059.18,8613.56,8826.96,91468.815059,1588377599999,805640126.6308703,865960,44763.354481,394216389.9038655,0,3
20200502,8825.67,9010.0,8753.0,8972.05,59002.08755,1588463999999,523838859.5442492,637884,30400.353449,269917468.34160125,0,3
20200504,8894.15,8950.0,8522.0,8871.96,84418.512331,1588636799999,738343818.6939254,848802,39118.380222,342180074.58001775,0,3
20200505,8871.92,9118.58,8760.0,9021.83,76480.765342,1588723199999,683083018.8779808,812543,37454.518379,334700993.4328503,0,3
20200506,9021.36,9395.0,8906.21,9142.92,105925.30242,1588809599999,972793508.4649074,1007661,51189.790893,470167656.5656032,0,3
20200507,9143.4,10067.0,9021.0,9986.4,147154.611378,1588895999999,1409783462.006364,1254835,74602.193112,715407978.1961043,0,3
20200510,9539.1,9574.83,8117.0,8722.77,183865.182028,1589155199999,1594996476.9756367,1565771,84376.580774,731417660.351995,0,3
20200512,8562.04,8978.26,8528.78,8810.79,86522.780066,1589327999999,760195457.0509585,784859,40570.317401,356508014.1884676,0,3
20200517,9380.81,9888.0,9322.1,9680.04,68647.764323,1589759999999,663088800.815278,722718,34734.034993,335478915.9764369,0,3
20200519,9733.93,9897.21,9474.0,9775.53,78539.760454,1589932799999,760713946.0085461,773581,37821.719308,366745428.2081609,0,3
20200520,9775.13,9842.0,9326.0,9511.43,74923.73809,1590019199999,721190802.7634026,731189,33481.796678,322416331.9624527,0,3
20200524,9179.01,9298.0,8700.0,8720.34,70379.86645,1590364799999,636787240.3733248,774088,32046.411444,290362268.4721472,0,3
20200528,9204.07,9625.47,9110.0,9575.89,74110.787662,1590710399999,693930106.1813825,738725,37974.899609,355720464.8630843,0,3
20200530,9426.6,9740.0,9331.23,9697.72,55665.27254,1590883199999,530598690.0714505,651290,29252.679904,279016030.1311799,0,3
20200531,9697.72,9700.0,9381.41,9448.27,48333.786403,1590969599999,461272298.85252047,651473,22778.001169,217450165.01806328,0,3
20200609,9782.0,9877.0,9570.0,9772.43,46024.001289,1591747199999,447208895.8386984,551863,21901.19095,212965408.67782807,0,3
20200613,9464.96,9494.73,9351.0,9473.34,27759.784851,1592092799999,261673162.2584724,392763,13531.007214,127577168.31734,0,3
20200617,9526.97,9565.0,9236.61,9465.14,48046.411152,1592438399999,453209812.22578067,536158,22842.831276,215532725.63392767,0,3
20200621,9358.95,9422.0,9281.54,9294.69,24316.926234,1592783999999,227467940.6102112,321015,11779.797182,110215504.55537862,0,3
20200622,9294.69,9780.0,9277.09,9685.69,57895.468343,1592870399999,550995799.0694705,588704,30738.200375,292712778.14347607,0,3
20200623,9685.69,9720.0,9577.03,9624.89,41031.02938,1592956799999,395487616.460878,474319,19112.606216,184247416.84941235,0,3
20200629,9116.16,9238.0,9024.67,9192.56,42120.293261,1593475199999,384206326.4706804,434299,20449.097796,186542867.41056207,0,3
20200703,9086.54,9125.0,9037.47,9058.26,28943.420177,1593820799999,263123750.4671724,343189,13719.524517,124722413.06761461,0,3
20200704,9057.79,9190.0,9040.04,9135.46,26441.968484,1593907199999,240576054.91572312,335225,13588.8196,123666216.06517516,0,3
20200705,9135.0,9145.24,8893.03,9069.41,34073.653627,1593993599999,308410443.6592152,384500,16276.23427,147339875.53843993,0,3
20200712,9234.02,9345.0,9157.5,9302.75,30872.702286,1594598399999,285591381.4915314,484875,14980.187704,138584259.00133508,0,3
20200716,9197.6,9226.15,9047.25,9133.72,43375.571191,1594943999999,395883667.0248003,681807,20410.130009,186271268.49276468,0,3
20200719,9170.3,9232.27,9101.35,9208.99,26052.019417,1595203199999,238521988.0313255,440449,12873.373493,117870221.4249293,0,3
20200721,9160.78,9437.73,9152.8,9390.0,60413.582486,1595375999999,563360524.7994282,782959,29470.512051,274802209.580128,0,3
20200724,9603.27,9637.0,9463.44,9537.8,43931.136205,1595635199999,419240263.5218282,677725,20416.299973,194861143.5855291,0,3
20200730,11100.52,11170.0,10831.0,11099.61,60794.826456,1596153599999,669779541.8872833,879960,28272.698765,311567992.0035252,0,3
20200802,11801.17,12123.46,10518.5,11071.35,97553.077604,1596412799999,1105757335.5281618,1459900,45974.786415,521934340.8317662,0,3
20200803,11071.36,11473.0,10936.0,11219.81,56931.841475,1596499199999,641127593.2614517,919185,27133.035136,305554713.93730706,0,3
20200806,11744.91,11900.0,11562.5,11762.46,63529.08502,1596758399999,746479211.7155949,919918,30044.203297,353083043.8420358,0,3
20200809,11761.02,11797.11,11521.97,11681.68,41493.067342,1597017599999,483708602.8963804,853386,19031.223314,221877538.8072692,0,3
20200813,11564.34,11792.96,11270.36,11780.0,70132.491502,1597363199999,809611114.2132485,1243382,34841.790602,402381474.75042975,0,3
20200815,11760.55,11980.0,11680.0,11852.4,56237.90505,1597535999999,667446824.0641296,1018956,27303.966321,324138943.4177591,0,3
20200817,11910.99,12468.0,11769.78,12281.13,84734.21154,1597708799999,1026883452.894772,1210228,42291.086199,512410754.0903758,0,3
20200818,12281.15,12387.77,11817.93,11945.01,75923.835527,1597795199999,920402307.1768104,1189390,35954.349975,436020475.31834656,0,3
20200820,11754.38,11888.0,11668.0,11853.55,46085.254351,1597967999999,543576025.0485107,798027,21992.907541,259381062.46462873,0,3
20200822,11531.23,11686.0,11376.81,11662.96,43678.701646,1598140799999,504305451.410864,809328,21605.070922,249466430.9099906,0,3
20200823,11663.51,11718.07,11514.13,11648.13,37900.00469,1598227199999,440406018.65187865,627352,18514.627525,215154211.01204568,0,3
20200824,11648.12,11824.9,11585.09,11748.2,46212.391867,1598313599999,542298951.538298,656584,22780.419488,267322530.4323263,0,3
20200828,11330.38,11542.65,11276.89,11526.91,45953.908365,1598659199999,525606229.654251,719985,21714.202859,248344753.1280814,0,3
20200830,11465.84,11719.0,11458.0,11711.16,43177.879054,1598831999999,501375342.93503886,756541,22258.115902,258461346.4554627,0,3
20200905,10446.25,10565.68,9825.0,10166.69,90001.605568,1599350399999,917578408.8761182,1476782,43478.132323,443342852.1870749,0,3
20200911,10336.86,10397.6,10200.0,10387.89,43830.254467,1599868799999,451241002.66033614,637869,21231.610727,218592078.0289088,0,3
20200914,10332.84,10750.0,10212.34,10671.77,67059.291361,1600127999999,706175591.3866128,828957,31880.363157,335719021.03890437,0,3
20200917,10954.01,11045.46,10745.83,10939.99,55601.614529,1600387199999,605010288.7799246,829137,27029.927035,294147097.61187047,0,3
20200922,10417.22,10572.71,10353.0,10529.61,43991.235476,1600819199999,460362500.7284081,738576,21497.461589,224981251.32868052,0,3
20200923,10529.61,10537.15,10136.82,10241.46,51876.568079,1600905599999,539362015.157462,774391,25012.706819,260045385.6515704,0,3
20200924,10241.46,10795.24,10190.93,10736.32,57676.619427,1600991999999,604520870.055638,789282,27946.804325,292936072.9870462,0,3
20200925,10736.33,10760.53,10556.24,10686.67,48101.117008,1601078399999,512647249.14932007,733430,23566.330337,251168863.9271173,0,3
20200926,10686.57,10820.94,10644.68,10728.6,28420.836659,1601164799999,304511477.68085533,502670,14314.531345,153391173.49799377,0,3
20200927,10728.59,10799.0,10594.82,10774.25,30549.483253,1601251199999,327169249.4549957,516004,15101.03977,161737536.90897185,0,3
20201003,10570.4,10603.56,10496.46,10542.06,22298.221341,1601769599999,235160884.60853615,381329,10752.462882,113392722.762172,0,3
20201004,10542.07,10696.87,10517.87,10666.63,23212.001595,1601855999999,246252050.90681073,377553,12123.27565,128619845.13152087,0,3
20201005,10666.62,10798.0,10615.64,10792.21,34025.761653,1601942399999,364158510.23798054,483340,15551.584387,166457546.86846152,0,3
20201007,10599.65,10681.87,10546.17,10666.39,32811.990279,1602115199999,348298562.85686266,503440,15783.355684,167548410.82933536,0,3
20201008,10666.4,10950.0,10530.41,10925.57,51959.691572,1602201599999,559311760.4414803,659291,26482.599529,285240420.957764,0,3
20201009,10925.44,11104.64,10829.0,11050.64,48240.073237,1602287999999,530822321.51623464,635681,25658.631396,282409996.0093115,0,3
20201010,11050.64,11491.0,11050.51,11293.22,43648.036943,1602374399999,494785212.2308736,698561,22807.204651,258432465.7904096,0,3
20201011,11293.22,11445.0,11221.0,11369.02,29043.851339,1602460799999,329927755.03808504,509714,14470.444269,164384653.13411286,0,3
20201012,11369.02,11720.01,11172.0,11528.25,52825.28371,1602547199999,604779845.7920177,740823,26865.929321,307665447.3392344,0,3
20201013,11528.24,11557.0,11300.0,11420.56,42205.283709,1602633599999,482663390.72403574,618262,19346.158605,221257357.56527472,0,3
20201014,11420.57,11547.98,11280.0,11417.89,41415.106015,1602719999999,472007015.72093433,590025,19070.057307,217375960.3109474,0,3
20201015,11417.89,11617.34,11250.83,11505.12,48760.717679,1602806399999,556436445.5576282,662386,24019.237669,274171016.90668136,0,3
20201016,11505.13,11541.15,11200.0,11319.32,48797.749502,1602892799999,553211001.6122569,693210,22821.593484,258752919.33224076,0,3
20201017,11319.24,11402.42,11255.0,11360.2,22368.915241,1602979199999,253582775.96265447,365973,10318.024614,116996094.14462668,0,3
20201018,11360.31,11505.0,11346.22,11503.14,23284.041191,1603065599999,266150824.34809864,346946,12396.127099,141743879.128419,0,3
20201019,11503.14,11823.99,11407.96,11751.47,47414.534692,1603151999999,550728683.7992793,650960,24716.395136,287236347.5490607,0,3
20201022,12780.75,13185.0,12678.08,12968.52,70038.824144,1603411199999,905778888.8702905,1035811,33259.495044,430203750.0189252,0,3
20201025,13111.73,13350.0,12888.0,13028.83,38481.579504,1603670399999,502672049.2290516,610498,17988.7671,235115943.82713217,0,3
20201026,13029.64,13238.81,12765.0,13052.19,60951.672986,1603756799999,794395722.4533454,818144,29609.994698,385986654.6578821,0,3
20201027,13052.15,13789.29,13019.87,13636.17,80811.01945,1603843199999,1085403903.1259663,1003615,39833.890541,534896062.83588016,0,3
20201028,13636.16,13859.48,12888.0,13266.4,94440.561226,1603929599999,1263487952.9951568,1234511,43387.692275,580505216.8726094,0,3
20201029,13266.4,13642.91,12920.77,13455.7,74872.602132,1604015999999,997867948.8609744,1008433,37203.245658,495772429.354768,0,3
20201031,13560.1,14100.0,13411.5,13791.0,67339.238515,1604188799999,927048458.5423617,1022202,35823.22565,493309455.8389813,0,3
20201101,13791.0,13895.0,13603.0,13761.5,36285.648526,1604275199999,499124369.0753264,606248,17839.54476,245432626.6153179,0,3
20201102,13761.49,13830.0,13195.05,13549.37,64566.421908,1604361599999,873629993.8313928,869850,29243.233664,395698601.61694086,0,3
20201103,13549.63,14066.11,13284.99,14023.53,74115.630787,1604447999999,1009402087.7104616,1052569,38332.71333,522431362.88788253,0,3
20201104,14023.53,14259.0,13525.0,14144.01,93016.988262,1604534399999,1293872665.4179618,1212959,45333.661596,630831907.0732926,0,3
20201105,14144.01,15750.0,14093.56,15590.02,143741.522673,1604620799999,2131865609.2908912,1736055,72196.127118,1071067716.594869,0,3
20201106,15590.02,15960.0,15166.0,15579.92,122618.197695,1604707199999,1909660728.8229203,1654968,58528.760533,911733812.2792957,0,3
20201107,15579.93,15753.52,14344.22,14818.3,101431.206553,1604793599999,1536510177.0914736,1557021,46204.870621,700220031.3003472,0,3
20201108,14818.3,15650.0,14703.88,15475.1,65547.178574,1604879999999,998031373.8397804,998773,31175.660892,474978556.3893792,0,3
20201109,15475.1,15840.0,14805.54,15328.41,108976.334134,1604966399999,1670447935.5141788,1505441,51350.446641,787324390.7670984,0,3
20201110,15328.41,15460.0,15072.46,15297.21,61681.919606,1605052799999,943615126.0891505,1093466,28945.766567,442891690.0126002,0,3
20201111,15297.21,15965.0,15272.68,15684.24,78469.746458,1605139199999,1226425496.3618553,1247167,40030.002173,625865373.3783411,0,3
20201112,15684.25,16340.7,15440.64,16291.86,102196.356592,1605225599999,1628755508.6741984,1472049,50444.978874,804204066.4386283,0,3
20201113,16291.85,16480.0,15952.35,16320.7,75691.881014,1605311999999,1230358611.1248891,1208773,35301.73094,574048021.7365239,0,3
20201114,16320.04,16326.99,15670.0,16070.45,59116.347179,1605398399999,944765868.609419,931424,27724.767801,443001467.2233794,0,3
20201115,16069.56,16180.0,15774.72,15957.0,43596.841513,1605484799999,696651729.7452534,854441,20853.270846,333239080.6418138,0,3
20201116,15957.0,16880.0,15864.0,16713.57,81300.675924,1605571199999,1335728013.9057603,1202386,41370.213659,679593360.6495738,0,3
20201117,16713.08,17858.82,16538.0,17659.38,115221.403102,1605657599999,1982752071.450512,1646652,58262.062597,1003081009.6160429,0,3
20201118,17659.38,18476.93,17214.45,17776.12,149019.788134,1605743999999,2663337935.5002985,2091832,73412.736278,1312369471.6524818,0,3
20201119,17777.75,18179.8,17335.65,17802.82,93009.561008,1605830399999,1656794228.8537636,1513304,45376.577851,808306886.9741908,0,3
